country,phenomena_count,max_observed_mag,doublet_count,years_span,annual_rate,prob_1y,prob_5y,prob_10y,b_value,mag_p10_exceedance
Alaska,644,7.9,87,159.0,4.050314465408805,0.982583103233324,0.9999999983972939,1.0,1.1326192131722237,6.882909267625095
Desconocido,2377,9.1,159,159.0,14.949685534591195,0.9999996783125885,1.0,1.0,1.1192083744857766,6.893488668237898
Papua New Guinea,886,7.96,93,159.0,5.572327044025157,0.9961983764139989,0.999999999999206,1.0,1.0672067995320396,6.937025514116375
Russia,670,9.0,117,159.0,4.213836477987422,0.9852104803082178,0.9999999992924284,1.0,1.075711287227668,6.929617465088805
Indonesia,1178,8.6,97,159.0,7.408805031446541,0.9993941057132667,0.9999999999999999,1.0,1.0624686418786817,6.9412042488442545
Japan,961,9.1,156,159.0,6.044025157232705,0.9976280079684503,0.999999999999925,1.0,1.0384393370136624,6.962983550753956
Philippines,554,7.9,61,159.0,3.4842767295597485,0.9693240625937075,0.999999972836282,0.9999999999999992,0.9875057871173987,7.012652293328905
Vanuatu,478,7.9,74,159.0,3.006289308176101,0.9505250752357141,0.9999997035675713,0.9999999999999122,0.9851265831542823,7.015097975326272
Tonga,451,7.8,22,159.0,2.8364779874213837,0.9413681953065486,0.9999993071067826,0.9999999999995199,1.4474446942915271,6.69087268338737
Chile,441,9.5,62,159.0,2.7735849056603774,0.9375622304621636,0.9999990510640459,0.9999999999990995,0.922275286655983,7.084274960490196
Mexico,360,7.99,26,159.0,2.2641509433962264,0.8960817704467255,0.9999878812257507,0.9999999998531353,0.8975326524434385,7.1141655930596
Solomon Islands,319,7.9,63,159.0,2.006289308176101,0.8655132110488633,0.9999560055267935,0.9999999980644864,0.9454887124163681,7.057654086048599
China,264,7.95,15,159.0,1.6603773584905661,0.8099327569208699,0.9997519516304857,0.9999999384720064,0.913991577930411,7.0941019853425145
New Zealand,233,8.1,37,159.0,1.4654088050314464,0.7690164550618167,0.9993424856868878,0.999999567674928,0.9462596438682542,7.056792399929535
Peru,208,8.4,10,159.0,1.3081761006289307,0.7296873699182931,0.9985567828178639,0.9999979171241652,0.7871202085776803,7.270453977807268
Taiwan,188,7.7,33,159.0,1.1823899371069182,0.6934547613998499,0.9972930958726209,0.9999926726700452,0.965390067397088,7.035850723735152
Japan region,150,7.9,7,159.0,0.9433962264150944,0.610696574942752,0.9910578670395651,0.9999200382581179,1.0643481951405858,6.939542157881814
Greece,122,7.7,9,159.0,0.7672955974842768,0.5357330632637679,0.9784305644544999,0.9995347594502485,1.2603583768127187,6.793425122883595
Argentina,110,7.69,6,159.0,0.6918238993710691,0.4993379214441249,0.9685425517902388,0.9990104289521302,1.0116096365617895,6.9885236002681355
Fiji,107,7.9,7,159.0,0.6729559748427673,0.48980178649703987,0.9654303750536076,0.9988049410310658,1.1955871619454181,6.8364091149764725
India,102,7.96,6,159.0,0.6415094339622641,0.4735028886628394,0.9595442773090249,0.9983633345015509,1.1288520829254207,6.885855653832431
Panama,98,7.5,4,159.0,0.6163522012578616,0.46008966594513234,0.9541216066696628,0.9978951730254269,1.3394010788985895,6.746602355152883
Afghanistan,94,7.8,4,159.0,0.5911949685534591,0.44633472332089474,0.9479720831920111,0.9972930958726209,0.9585779105071762,7.043212021723834
Iran,93,7.7,8,159.0,0.5849056603773585,0.44284157855186224,0.9463099885822369,0.9971173826739604,1.1903322299112218,6.840101590859707
Canada,91,7.8,8,159.0,0.5723270440251572,0.4357890338827083,0.9428248102388614,0.9967309976757778,1.2379831185839885,6.807765457370538
Turkey,90,7.8,8,159.0,0.5660377358490566,0.4322293550154608,0.940998279780886,0.9965187970111854,0.8848259765724719,7.1301657348190375
New Caledonia,86,7.7,25,159.0,0.5408805031446541,0.4177646334628351,0.9330897102480169,0.9955230131253057,1.074701325080959,6.930491083115273
Timor Leste,86,7.5,2,159.0,0.5408805031446541,0.4177646334628351,0.9330897102480169,0.9955230131253057,0.9471602083639683,7.055787596617157
Ecuador,76,7.8,17,159.0,0.4779874213836478,0.3799700039476097,0.9083645530680691,0.9916029448655853,0.9566410899337378,7.045324114260308
Guatemala,69,7.7,4,159.0,0.4339622641509434,0.352063294534257,0.8858008381100952,0.9869585514236433,1.0412107452570072,6.960420361156727
Colombia,66,7.4,5,159.0,0.41509433962264153,0.33972201260950374,0.8745027832708517,0.9842504485932372,0.9648010705656923,7.03648309533246
Costa Rica,61,7.6,8,159.0,0.3836477987421384,0.3186286352243498,0.8531346346291949,0.9784305644544999,0.9721927927670517,7.028602564676296
Northern Mariana Islands,58,7.7,1,159.0,0.36477987421383645,0.3056505217184855,0.8386048173828602,0.9739515950279801,1.0150177546397858,6.985204441428598
Nicaragua,58,7.7,5,159.0,0.36477987421383645,0.3056505217184855,0.8386048173828602,0.9739515950279801,0.9671788030891361,7.033934983692813
Myanmar,54,7.88,4,159.0,0.33962264150943394,0.28796103397854345,0.8169714646728448,0.9665005552559963,0.8900734964801629,7.123502726409163
Wallis and Futuna,54,7.6,7,159.0,0.33962264150943394,0.28796103397854345,0.8169714646728448,0.9665005552559963,1.4658681025338547,6.682189617381967
California,47,7.41,4,159.0,0.29559748427672955,0.255913125583373,0.771903711542715,0.9479720831920111,1.276628260725031,6.783313381635523
Kazakhstan,45,6.6,0,159.0,0.2830188679245283,0.24649442936064547,0.7570973029809795,0.940998279780886,4.17590847983892,6.239468849671383
Pakistan,42,7.7,4,159.0,0.2641509433962264,0.23214237212930222,0.7330662335221094,0.928746364313927,1.088571025136087,6.918635511059084
El Salvador,40,7.7,1,159.0,0.25157232704402516,0.2224227842856269,0.7157387687390309,0.9191955524019978,0.9181701520153334,7.089122748986181
Guam,40,7.8,3,159.0,0.25157232704402516,0.2224227842856269,0.7157387687390309,0.9191955524019978,1.2039847023060473,6.830575337115707
Micronesia,34,7.03,3,159.0,0.2138364779874214,0.19251958494993382,0.6567109206863088,0.8821526080239582,1.5406419779885256,6.6490800681061595
California Earthquake,34,7.9,3,159.0,0.2138364779874214,0.19251958494993382,0.6567109206863088,0.8821526080239582,0.6982850088663277,7.43208000644824
Bolivia,33,8.2,0,159.0,0.20754716981132076,0.18742508813617909,0.6457441366340589,0.8745027832708517,0.8846739446177362,7.130359954742531
Tajikistan,31,7.5,2,159.0,0.1949685534591195,0.17713946623342047,0.62274833480027,0.8576811811040309,0.9375245958546412,7.066638682784004
Venezuela,30,7.5,4,159.0,0.18867924528301888,0.17194793429121435,0.610696574942752,0.8484428432386957,1.1228906756433887,6.890558646260932
India region,27,7.5,2,159.0,0.16981132075471697,0.15617598634463092,0.5721816561586504,0.8169714646728448,1.6703633919355851,6.598672124178451
Brazil,26,7.63,0,159.0,0.16352201257861634,0.15085219313700193,0.5585144827085682,0.8050905380219169,0.7555380806306562,7.323560023824728
Kyrgyzstan,26,8.02,1,159.0,0.16352201257861634,0.15085219313700193,0.5585144827085682,0.8050905380219169,0.7906912347530554,7.2647161825593205
New Zealand region,24,7.4,2,159.0,0.1509433962264151,0.14010362933884557,0.5298563445717427,0.7789649432605561,0.9532363518508609,7.049057768368087
Italy,24,7.19,1,159.0,0.1509433962264151,0.14010362933884557,0.5298563445717427,0.7789649432605561,1.5292059221945495,6.653934166410309
Dominican Republic,21,7.76,3,159.0,0.1320754716981132,0.12372514136790513,0.48334366695269215,0.7330662335221094,0.8751526083692733,7.142657852398295
Svalbard and Jan Mayen,21,6.8,0,159.0,0.1320754716981132,0.12372514136790513,0.48334366695269215,0.7330662335221094,1.4430671075899213,6.692968466082016
Hawaii,20,7.7,1,159.0,0.12578616352201258,0.11819661164499196,0.46683845669349966,0.7157387687390309,1.1028034002380007,6.906779939002895
Oregon,19,7.0,1,159.0,0.11949685534591195,0.11263320172370717,0.44980596756772795,0.697286526675916,1.5747319000308744,6.635028730909937
Mongolia,17,7.05,0,159.0,0.1069182389937107,0.10140085964315204,0.41409123635698086,0.6567109206863088,0.924030812560109,7.082214993707203
Nevada,16,6.5,2,159.0,0.10062893081761007,0.09573148318266311,0.39537367360188336,0.6344270054263181,2.714340511895321,6.368413614879048
Ethiopia,16,6.51,3,159.0,0.10062893081761007,0.09573148318266311,0.39537367360188336,0.6344270054263181,2.6965997242358815,6.370837388661146
Honduras,15,7.5,0,159.0,0.09433962264150944,0.09002633790379089,0.37605815570900514,0.610696574942752,1.238482362841974,6.807439839276578
Nepal,14,7.8,2,159.0,0.0880503144654088,0.08428519813650326,0.35612558027962726,0.5854257316297533,0.8267644112379946,7.209534404731576
Samoa,14,6.63,0,159.0,0.0880503144654088,0.08428519813650326,0.35612558027962726,0.5854257316297533,1.840230855522248,6.543410081946597
Russia region,14,7.7,0,159.0,0.0880503144654088,0.08428519813650326,0.35612558027962726,0.5854257316297533,0.9590098969472476,7.042742106398728
Yemen,13,6.68,1,159.0,0.08176100628930817,0.07850783678698703,0.3355562346658434,0.5585144827085682,1.579252661466373,6.633210900573362
Uzbekistan,12,7.1,1,159.0,0.07547169811320754,0.07269402532866509,0.3143297764754128,0.5298563445717427,1.0513646675497703,6.951144765336773
Iceland,12,6.98,1,159.0,0.07547169811320754,0.07269402532866509,0.3143297764754128,0.5298563445717427,1.0552950027555665,6.947602326732164
Puerto Rico,11,7.7,1,159.0,0.06918238993710692,0.06684353379315722,0.292425213453818,0.4993379214441249,1.044395547663128,6.95749163450336
Alaska Earthquake,11,9.2,0,159.0,0.06918238993710692,0.06684353379315722,0.292425213453818,0.4993379214441249,0.21110204599804555,10.737045514041386
Portugal,10,7.8,1,159.0,0.06289308176100629,0.060956130761183225,0.26982088272362903,0.46683845669349966,1.0499427035023683,6.952432924829354
Romania,10,7.74,1,159.0,0.06289308176100629,0.060956130761183225,0.26982088272362903,0.46683845669349966,0.5459702058212306,7.831601778517992
Guadeloupe,10,7.2,0,159.0,0.06289308176100629,0.060956130761183225,0.26982088272362903,0.46683845669349966,1.2515691121131192,6.798997027268933
Australia,9,6.7,1,159.0,0.05660377358490566,0.05503158335340941,0.24649442936064547,0.4322293550154608,1.3041876333430977,6.766760835967018
North Korea,9,7.4,0,159.0,0.05660377358490566,0.05503158335340941,0.24649442936064547,0.4322293550154608,1.042324686547847,6.95939395171765
Mauritius,9,6.3,0,159.0,0.05660377358490566,0.05503158335340941,0.24649442936064547,0.4322293550154608,1.042324686547847,6.95939395171765
Cayman Islands,9,7.6,0,159.0,0.05660377358490566,0.05503158335340941,0.24649442936064547,0.4322293550154608,1.042324686547847,6.95939395171765
Tanzania,9,6.97,1,159.0,0.05660377358490566,0.05503158335340941,0.24649442936064547,0.4322293550154608,1.0439771199597412,6.9578753986855215
Trinidad and Tobago,8,6.7,0,159.0,0.050314465408805034,0.04906965722123635,0.2224227842856269,0.39537367360188336,1.042324686547847,6.95939395171765
Alaska Peninsula,8,7.0,6,159.0,0.050314465408805034,0.04906965722123635,0.2224227842856269,0.39537367360188336,1.1783183617530095,6.848667077132091
Algeria,7,7.3,0,159.0,0.0440251572327044,0.0430701165375299,0.19758214144974773,0.35612558027962726,1.042324686547847,6.95939395171765
Albania,7,6.6,0,159.0,0.0440251572327044,0.0430701165375299,0.19758214144974773,0.35612558027962726,1.042324686547847,6.95939395171765
Georgia,7,7.0,1,159.0,0.0440251572327044,0.0430701165375299,0.19758214144974773,0.35612558027962726,1.042324686547847,6.95939395171765
Federated States of Micronesia,7,7.83,1,159.0,0.0440251572327044,0.0430701165375299,0.19758214144974773,0.35612558027962726,1.042324686547847,6.95939395171765
Jamaica,7,7.7,0,159.0,0.0440251572327044,0.0430701165375299,0.19758214144974773,0.35612558027962726,1.042324686547847,6.95939395171765
Djibouti,7,6.5,3,159.0,0.0440251572327044,0.0430701165375299,0.19758214144974773,0.35612558027962726,2.4536411406963308,6.407557561459948
Antigua and Barbuda,6,7.5,1,159.0,0.03773584905660377,0.03703272398729207,0.17194793429121424,0.3143297764754128,1.042324686547847,6.95939395171765
Cuba,6,7.05,0,159.0,0.03773584905660377,0.03703272398729207,0.17194793429121424,0.3143297764754128,1.042324686547847,6.95939395171765
Azerbaijan,6,6.8,1,159.0,0.03773584905660377,0.03703272398729207,0.17194793429121424,0.3143297764754128,1.042324686547847,6.95939395171765
Palau,6,7.64,0,159.0,0.03773584905660377,0.03703272398729207,0.17194793429121424,0.3143297764754128,1.042324686547847,6.95939395171765
Turkmenistan,6,7.2,0,159.0,0.03773584905660377,0.03703272398729207,0.17194793429121424,0.3143297764754128,1.042324686547847,6.95939395171765
MX,6,6.8,3,159.0,0.03773584905660377,0.03703272398729207,0.17194793429121424,0.3143297764754128,1.042324686547847,6.95939395171765
Bulgaria,6,7.1,3,159.0,0.03773584905660377,0.03703272398729207,0.17194793429121424,0.3143297764754128,1.042324686547847,6.95939395171765
Washington,5,6.8,0,159.0,0.031446540880503145,0.03095724075827455,0.14549481143976017,0.26982088272362903,1.042324686547847,6.95939395171765
Uganda,5,6.6,0,159.0,0.031446540880503145,0.03095724075827455,0.14549481143976017,0.26982088272362903,1.042324686547847,6.95939395171765
Mexico Earthquake,5,8.2,1,159.0,0.031446540880503145,0.03095724075827455,0.14549481143976017,0.26982088272362903,1.042324686547847,6.95939395171765
Haiti,5,7.2,1,159.0,0.031446540880503145,0.03095724075827455,0.14549481143976017,0.26982088272362903,1.042324686547847,6.95939395171765
CA,5,6.4,0,159.0,0.031446540880503145,0.03095724075827455,0.14549481143976017,0.26982088272362903,1.042324686547847,6.95939395171765
Cyprus,5,6.8,0,159.0,0.031446540880503145,0.03095724075827455,0.14549481143976017,0.26982088272362903,1.042324686547847,6.95939395171765
Malaysia,5,7.1,0,159.0,0.031446540880503145,0.03095724075827455,0.14549481143976017,0.26982088272362903,1.042324686547847,6.95939395171765
Laos,4,6.67,0,159.0,0.025157232704402517,0.024843426531532042,0.11819661164499196,0.2224227842856269,1.042324686547847,6.95939395171765
Saint Helena,4,6.13,0,159.0,0.025157232704402517,0.024843426531532042,0.11819661164499196,0.2224227842856269,1.042324686547847,6.95939395171765
Japan Earthquake,4,7.6,1,159.0,0.025157232704402517,0.024843426531532042,0.11819661164499196,0.2224227842856269,1.042324686547847,6.95939395171765
South Sudan,4,7.2,1,159.0,0.025157232704402517,0.024843426531532042,0.11819661164499196,0.2224227842856269,1.042324686547847,6.95939395171765
U.S. Virgin Islands,4,6.19,0,159.0,0.025157232704402517,0.024843426531532042,0.11819661164499196,0.2224227842856269,1.042324686547847,6.95939395171765
Egypt,4,7.2,0,159.0,0.025157232704402517,0.024843426531532042,0.11819661164499196,0.2224227842856269,1.042324686547847,6.95939395171765
Morocco,4,6.8,0,159.0,0.025157232704402517,0.024843426531532042,0.11819661164499196,0.2224227842856269,1.042324686547847,6.95939395171765
Mozambique,4,6.22,0,159.0,0.025157232704402517,0.024843426531532042,0.11819661164499196,0.2224227842856269,1.042324686547847,6.95939395171765
Barbados,4,6.5,0,159.0,0.025157232704402517,0.024843426531532042,0.11819661164499196,0.2224227842856269,1.042324686547847,6.95939395171765
Democratic Republic of the Congo,4,6.8,0,159.0,0.025157232704402517,0.024843426531532042,0.11819661164499196,0.2224227842856269,1.042324686547847,6.95939395171765
Croatia,4,6.4,1,159.0,0.025157232704402517,0.024843426531532042,0.11819661164499196,0.2224227842856269,1.042324686547847,6.95939395171765
Bangladesh,4,7.14,0,159.0,0.025157232704402517,0.024843426531532042,0.11819661164499196,0.2224227842856269,1.042324686547847,6.95939395171765
American Samoa,4,6.39,0,159.0,0.025157232704402517,0.024843426531532042,0.11819661164499196,0.2224227842856269,1.042324686547847,6.95939395171765
Nevada Earthquake,4,7.1,0,159.0,0.025157232704402517,0.024843426531532042,0.11819661164499196,0.2224227842856269,1.042324686547847,6.95939395171765
Bosnia and Herzegovina,3,6.1,1,159.0,0.018867924528301886,0.018691039471916415,0.09002633790379089,0.17194793429121424,1.042324686547847,6.95939395171765
Arizona,3,6.2,0,159.0,0.018867924528301886,0.018691039471916415,0.09002633790379089,0.17194793429121424,1.042324686547847,6.95939395171765
Bhutan,3,6.43,0,159.0,0.018867924528301886,0.018691039471916415,0.09002633790379089,0.17194793429121424,1.042324686547847,6.95939395171765
Philippines Earthquake,3,8.3,0,159.0,0.018867924528301886,0.018691039471916415,0.09002633790379089,0.17194793429121424,1.042324686547847,6.95939395171765
Burma (Myanmar),3,6.71,0,159.0,0.018867924528301886,0.018691039471916415,0.09002633790379089,0.17194793429121424,1.042324686547847,6.95939395171765
Cabo Verde,3,6.54,0,159.0,0.018867924528301886,0.018691039471916415,0.09002633790379089,0.17194793429121424,1.042324686547847,6.95939395171765
Eritrea,3,6.6,0,159.0,0.018867924528301886,0.018691039471916415,0.09002633790379089,0.17194793429121424,1.042324686547847,6.95939395171765
Mongolia Earthquake,3,8.33,0,159.0,0.018867924528301886,0.018691039471916415,0.09002633790379089,0.17194793429121424,1.042324686547847,6.95939395171765
North Macedonia,3,6.7,1,159.0,0.018867924528301886,0.018691039471916415,0.09002633790379089,0.17194793429121424,1.042324686547847,6.95939395171765
South Africa,3,6.78,0,159.0,0.018867924528301886,0.018691039471916415,0.09002633790379089,0.17194793429121424,1.042324686547847,6.95939395171765
Martinique,3,7.4,0,159.0,0.018867924528301886,0.018691039471916415,0.09002633790379089,0.17194793429121424,1.042324686547847,6.95939395171765
Montenegro,3,6.9,0,159.0,0.018867924528301886,0.018691039471916415,0.09002633790379089,0.17194793429121424,1.042324686547847,6.95939395171765
Thailand,3,6.71,0,159.0,0.018867924528301886,0.018691039471916415,0.09002633790379089,0.17194793429121424,1.042324686547847,6.95939395171765
Zimbabwe,3,7.0,0,159.0,0.018867924528301886,0.018691039471916415,0.09002633790379089,0.17194793429121424,1.042324686547847,6.95939395171765
Utah,3,6.6,0,159.0,0.018867924528301886,0.018691039471916415,0.09002633790379089,0.17194793429121424,1.042324686547847,6.95939395171765
Iraq,2,7.3,0,159.0,0.012578616352201259,0.012499836218510807,0.060956130761183225,0.11819661164499196,1.042324686547847,6.95939395171765
Indonesia Earthquake,2,8.3,0,159.0,0.012578616352201259,0.012499836218510807,0.060956130761183225,0.11819661164499196,1.042324686547847,6.95939395171765
Chile Earthquake,2,8.8,0,159.0,0.012578616352201259,0.012499836218510807,0.060956130761183225,0.11819661164499196,1.042324686547847,6.95939395171765
Armenia,2,6.8,0,159.0,0.012578616352201259,0.012499836218510807,0.060956130761183225,0.11819661164499196,1.042324686547847,6.95939395171765
Anguilla,2,6.25,0,159.0,0.012578616352201259,0.012499836218510807,0.060956130761183225,0.11819661164499196,1.042324686547847,6.95939395171765
Spain,2,6.42,0,159.0,0.012578616352201259,0.012499836218510807,0.060956130761183225,0.11819661164499196,1.042324686547847,6.95939395171765
Idaho,2,6.9,0,159.0,0.012578616352201259,0.012499836218510807,0.060956130761183225,0.11819661164499196,1.042324686547847,6.95939395171765
Malawi,2,6.2,0,159.0,0.012578616352201259,0.012499836218510807,0.060956130761183225,0.11819661164499196,1.042324686547847,6.95939395171765
Zambia,2,6.53,0,159.0,0.012578616352201259,0.012499836218510807,0.060956130761183225,0.11819661164499196,1.042324686547847,6.95939395171765
Vietnam,2,6.9,1,159.0,0.012578616352201259,0.012499836218510807,0.060956130761183225,0.11819661164499196,1.042324686547847,6.95939395171765
Taiwan Earthquake,2,8.23,1,159.0,0.012578616352201259,0.012499836218510807,0.060956130761183225,0.11819661164499196,1.042324686547847,6.95939395171765
Somalia,2,6.01,0,159.0,0.012578616352201259,0.012499836218510807,0.060956130761183225,0.11819661164499196,1.042324686547847,6.95939395171765
Ukraine,2,6.71,1,159.0,0.012578616352201259,0.012499836218510807,0.060956130761183225,0.11819661164499196,1.042324686547847,6.95939395171765
French Polynesia region,2,6.0,0,159.0,0.012578616352201259,0.012499836218510807,0.060956130761183225,0.11819661164499196,1.042324686547847,6.95939395171765
Montana Earthquake,2,7.2,2,159.0,0.012578616352201259,0.012499836218510807,0.060956130761183225,0.11819661164499196,1.042324686547847,6.95939395171765
New Zealand Earthquake,2,8.2,0,159.0,0.012578616352201259,0.012499836218510807,0.060956130761183225,0.11819661164499196,1.042324686547847,6.95939395171765
Saint Kitts and Nevis,2,6.5,0,159.0,0.012578616352201259,0.012499836218510807,0.060956130761183225,0.11819661164499196,1.042324686547847,6.95939395171765
Montana,2,6.13,0,159.0,0.012578616352201259,0.012499836218510807,0.060956130761183225,0.11819661164499196,1.042324686547847,6.95939395171765
Madagascar,2,6.15,0,159.0,0.012578616352201259,0.012499836218510807,0.060956130761183225,0.11819661164499196,1.042324686547847,6.95939395171765
Russia Earthquake,2,8.8,0,159.0,0.012578616352201259,0.012499836218510807,0.060956130761183225,0.11819661164499196,1.042324686547847,6.95939395171765
Australia region,1,6.46,0,159.0,0.006289308176100629,0.006269571875003321,0.03095724075827455,0.060956130761183225,1.042324686547847,6.95939395171765
Botswana,1,6.5,0,159.0,0.006289308176100629,0.006269571875003321,0.03095724075827455,0.060956130761183225,1.042324686547847,6.95939395171765
California Earthquakes (First Major Event),1,6.0,0,159.0,0.006289308176100629,0.006269571875003321,0.03095724075827455,0.060956130761183225,1.042324686547847,6.95939395171765
California-Baja California,1,6.4,0,159.0,0.006289308176100629,0.006269571875003321,0.03095724075827455,0.060956130761183225,1.042324686547847,6.95939395171765
Ecuador region,1,6.15,0,159.0,0.006289308176100629,0.006269571875003321,0.03095724075827455,0.060956130761183225,1.042324686547847,6.95939395171765
Dominica,1,6.38,0,159.0,0.006289308176100629,0.006269571875003321,0.03095724075827455,0.060956130761183225,1.042324686547847,6.95939395171765
Comoros,1,6.2,0,159.0,0.006289308176100629,0.006269571875003321,0.03095724075827455,0.060956130761183225,1.042324686547847,6.95939395171765
Burundi,1,6.2,0,159.0,0.006289308176100629,0.006269571875003321,0.03095724075827455,0.060956130761183225,1.042324686547847,6.95939395171765
Burma (Myanmar) Earthquake,1,7.7,1,159.0,0.006289308176100629,0.006269571875003321,0.03095724075827455,0.060956130761183225,1.042324686547847,6.95939395171765
Canada region,1,6.13,0,159.0,0.006289308176100629,0.006269571875003321,0.03095724075827455,0.060956130761183225,1.042324686547847,6.95939395171765
Libya,1,6.4,0,159.0,0.006289308176100629,0.006269571875003321,0.03095724075827455,0.060956130761183225,1.042324686547847,6.95939395171765
Maldives,1,7.36,0,159.0,0.006289308176100629,0.006269571875003321,0.03095724075827455,0.060956130761183225,1.042324686547847,6.95939395171765
Guinea,1,6.3,0,159.0,0.006289308176100629,0.006269571875003321,0.03095724075827455,0.060956130761183225,1.042324686547847,6.95939395171765
India Earthquake,1,7.9,0,159.0,0.006289308176100629,0.006269571875003321,0.03095724075827455,0.060956130761183225,1.042324686547847,6.95939395171765
Gabon,1,6.2,0,159.0,0.006289308176100629,0.006269571875003321,0.03095724075827455,0.060956130761183225,1.042324686547847,6.95939395171765
Ghana,1,6.4,0,159.0,0.006289308176100629,0.006269571875003321,0.03095724075827455,0.060956130761183225,1.042324686547847,6.95939395171765
Italy Earthquake and Tsunami,1,7.09,0,159.0,0.006289308176100629,0.006269571875003321,0.03095724075827455,0.060956130761183225,1.042324686547847,6.95939395171765
Lesotho,1,6.11,0,159.0,0.006289308176100629,0.006269571875003321,0.03095724075827455,0.060956130761183225,1.042324686547847,6.95939395171765
Kenya,1,6.65,1,159.0,0.006289308176100629,0.006269571875003321,0.03095724075827455,0.060956130761183225,1.042324686547847,6.95939395171765
Kahramanmaras earthquake sequence,1,7.8,1,159.0,0.006289308176100629,0.006269571875003321,0.03095724075827455,0.060956130761183225,1.042324686547847,6.95939395171765
NV Earthquake,1,6.5,0,159.0,0.006289308176100629,0.006269571875003321,0.03095724075827455,0.060956130761183225,1.042324686547847,6.95939395171765
Nevada (Foreshock),1,6.8,1,159.0,0.006289308176100629,0.006269571875003321,0.03095724075827455,0.060956130761183225,1.042324686547847,6.95939395171765
México,1,7.1,1,159.0,0.006289308176100629,0.006269571875003321,0.03095724075827455,0.060956130761183225,1.042324686547847,6.95939395171765
Saint Vincent and the Grenadines,1,6.1,0,159.0,0.006289308176100629,0.006269571875003321,0.03095724075827455,0.060956130761183225,1.042324686547847,6.95939395171765
Saint Lucia,1,7.3,0,159.0,0.006289308176100629,0.006269571875003321,0.03095724075827455,0.060956130761183225,1.042324686547847,6.95939395171765
Pakistán,1,7.0,1,159.0,0.006289308176100629,0.006269571875003321,0.03095724075827455,0.060956130761183225,1.042324686547847,6.95939395171765
Oman,1,6.1,0,159.0,0.006289308176100629,0.006269571875003321,0.03095724075827455,0.060956130761183225,1.042324686547847,6.95939395171765
Saudi Arabia,1,6.13,0,159.0,0.006289308176100629,0.006269571875003321,0.03095724075827455,0.060956130761183225,1.042324686547847,6.95939395171765
South Korea,1,6.2,0,159.0,0.006289308176100629,0.006269571875003321,0.03095724075827455,0.060956130761183225,1.042324686547847,6.95939395171765
Saint Pierre and Miquelon,1,7.2,0,159.0,0.006289308176100629,0.006269571875003321,0.03095724075827455,0.060956130761183225,1.042324686547847,6.95939395171765
Switzerland,1,6.15,0,159.0,0.006289308176100629,0.006269571875003321,0.03095724075827455,0.060956130761183225,1.042324686547847,6.95939395171765
Southwestern Alaska,1,6.9,0,159.0,0.006289308176100629,0.006269571875003321,0.03095724075827455,0.060956130761183225,1.042324686547847,6.95939395171765
Syria,1,6.38,0,159.0,0.006289308176100629,0.006269571875003321,0.03095724075827455,0.060956130761183225,1.042324686547847,6.95939395171765
Turquía,1,7.5,0,159.0,0.006289308176100629,0.006269571875003321,0.03095724075827455,0.060956130761183225,1.042324686547847,6.95939395171765
Utah Earthquake,1,6.6,0,159.0,0.006289308176100629,0.006269571875003321,0.03095724075827455,0.060956130761183225,1.042324686547847,6.95939395171765
earthquake,1,6.7,0,159.0,0.006289308176100629,0.006269571875003321,0.03095724075827455,0.060956130761183225,1.042324686547847,6.95939395171765
